file,class,method,variable,usage
/home/natalia/Downloads/IME/trabalhoChoren/ck/target/../../dubbo-spring-boot-starter/src/test/java/com/alibaba/dubbo/spring/boot/testcase/ClassIdBeanTest.java,com.alibaba.dubbo.spring.boot.testcase.ClassIdBeanTest,testClassIdBeanNotNull/0,classIdBean,1
/home/natalia/Downloads/IME/trabalhoChoren/ck/target/../../dubbo-spring-boot-starter/src/test/java/com/alibaba/dubbo/spring/boot/testcase/ClassIdBeanTest.java,com.alibaba.dubbo.spring.boot.testcase.ClassIdBeanTest,testClassIdBeanNotNull/0,anoClassIdBean,1
/home/natalia/Downloads/IME/trabalhoChoren/ck/target/../../dubbo-spring-boot-starter/src/test/java/com/alibaba/dubbo/spring/boot/testcase/ClassIdBeanTest.java,com.alibaba.dubbo.spring.boot.testcase.ClassIdBeanTest,testClassIdBeanNull/0,classIdBean,1
/home/natalia/Downloads/IME/trabalhoChoren/ck/target/../../dubbo-spring-boot-starter/src/test/java/com/alibaba/dubbo/spring/boot/testcase/ClassIdBeanTest.java,com.alibaba.dubbo.spring.boot.testcase.ClassIdBeanTest,testClassIdBeanNull/0,anoClassIdBean,1
/home/natalia/Downloads/IME/trabalhoChoren/ck/target/../../dubbo-spring-boot-starter/src/main/java/com/alibaba/dubbo/spring/boot/DubboAutoConfiguration.java,com.alibaba.dubbo.spring.boot.DubboAutoConfiguration,dubboServer/0,e,1
/home/natalia/Downloads/IME/trabalhoChoren/ck/target/../../dubbo-spring-boot-starter/src/main/java/com/alibaba/dubbo/spring/boot/DubboAutoConfiguration.java,com.alibaba.dubbo.spring.boot.DubboAutoConfiguration,dubboServer/0,dubboServer,1
/home/natalia/Downloads/IME/trabalhoChoren/ck/target/../../dubbo-spring-boot-starter/src/main/java/com/alibaba/dubbo/spring/boot/DubboAutoConfiguration.java,com.alibaba.dubbo.spring.boot.DubboAutoConfiguration,dubboServer/0,latch,1
/home/natalia/Downloads/IME/trabalhoChoren/ck/target/../../dubbo-spring-boot-starter/src/main/java/com/alibaba/dubbo/spring/boot/DubboAutoConfiguration.java,com.alibaba.dubbo.spring.boot.DubboAutoConfiguration,dubboServer/0,awaitThread,3
/home/natalia/Downloads/IME/trabalhoChoren/ck/target/../../dubbo-spring-boot-starter/src/main/java/com/alibaba/dubbo/spring/boot/context/event/DubboBannerApplicationListener.java,com.alibaba.dubbo.spring.boot.context.event.DubboBannerApplicationListener,buildBannerText/0,bannerTextBuilder,2
/home/natalia/Downloads/IME/trabalhoChoren/ck/target/../../dubbo-spring-boot-starter/src/main/java/com/alibaba/dubbo/spring/boot/context/event/DubboBannerApplicationListener.java,com.alibaba.dubbo.spring.boot.context.event.DubboBannerApplicationListener,setBANNER_MODE/1[Banner],bANNER_MODE,1
/home/natalia/Downloads/IME/trabalhoChoren/ck/target/../../dubbo-spring-boot-starter/src/main/java/com/alibaba/dubbo/spring/boot/context/event/DubboBannerApplicationListener.java,com.alibaba.dubbo.spring.boot.context.event.DubboBannerApplicationListener,onApplicationEvent/1[ApplicationEnvironmentPreparedEvent],bannerText,2
/home/natalia/Downloads/IME/trabalhoChoren/ck/target/../../dubbo-spring-boot-starter/src/main/java/com/alibaba/dubbo/spring/boot/context/event/DubboBannerApplicationListener.java,com.alibaba.dubbo.spring.boot.context.event.DubboBannerApplicationListener,onApplicationEvent/1[ApplicationEnvironmentPreparedEvent],event,0
/home/natalia/Downloads/IME/trabalhoChoren/ck/target/../../dubbo-spring-boot-starter/src/main/java/com/alibaba/dubbo/spring/boot/server/DubboServer.java,com.alibaba.dubbo.spring.boot.server.DubboServer,await/0,ex,0
/home/natalia/Downloads/IME/trabalhoChoren/ck/target/../../dubbo-spring-boot-starter/src/main/java/com/alibaba/dubbo/spring/boot/server/DubboServer.java,com.alibaba.dubbo.spring.boot.server.DubboServer,destroy/0,t,3
/home/natalia/Downloads/IME/trabalhoChoren/ck/target/../../dubbo-spring-boot-starter/src/main/java/com/alibaba/dubbo/spring/boot/server/DubboServer.java,com.alibaba.dubbo.spring.boot.server.DubboServer,destroy/0,e,0
/home/natalia/Downloads/IME/trabalhoChoren/ck/target/../../dubbo-spring-boot-starter/src/main/java/com/alibaba/dubbo/spring/boot/DubboProperties.java,com.alibaba.dubbo.spring.boot.DubboProperties,setApplication/1[ApplicationConfig],application,2
/home/natalia/Downloads/IME/trabalhoChoren/ck/target/../../dubbo-spring-boot-starter/src/main/java/com/alibaba/dubbo/spring/boot/DubboProperties.java,com.alibaba.dubbo.spring.boot.DubboProperties,setProvider/1[ProviderConfig],provider,2
/home/natalia/Downloads/IME/trabalhoChoren/ck/target/../../dubbo-spring-boot-starter/src/main/java/com/alibaba/dubbo/spring/boot/DubboProperties.java,com.alibaba.dubbo.spring.boot.DubboProperties,setModule/1[ModuleConfig],module,2
/home/natalia/Downloads/IME/trabalhoChoren/ck/target/../../dubbo-spring-boot-starter/src/main/java/com/alibaba/dubbo/spring/boot/DubboProperties.java,com.alibaba.dubbo.spring.boot.DubboProperties,setProtocols/1[java.util.Map<java.lang.String,com.alibaba.dubbo.spring.boot.ProtocolConfig>],protocols,2
/home/natalia/Downloads/IME/trabalhoChoren/ck/target/../../dubbo-spring-boot-starter/src/main/java/com/alibaba/dubbo/spring/boot/DubboProperties.java,com.alibaba.dubbo.spring.boot.DubboProperties,setConsumer/1[ConsumerConfig],consumer,2
/home/natalia/Downloads/IME/trabalhoChoren/ck/target/../../dubbo-spring-boot-starter/src/main/java/com/alibaba/dubbo/spring/boot/DubboProperties.java,com.alibaba.dubbo.spring.boot.DubboProperties,setRegistry/1[RegistryConfig],registry,2
/home/natalia/Downloads/IME/trabalhoChoren/ck/target/../../dubbo-spring-boot-starter/src/main/java/com/alibaba/dubbo/spring/boot/DubboProperties.java,com.alibaba.dubbo.spring.boot.DubboProperties,setConsumers/1[java.util.Map<java.lang.String,com.alibaba.dubbo.spring.boot.ConsumerConfig>],consumers,2
/home/natalia/Downloads/IME/trabalhoChoren/ck/target/../../dubbo-spring-boot-starter/src/main/java/com/alibaba/dubbo/spring/boot/DubboProperties.java,com.alibaba.dubbo.spring.boot.DubboProperties,setProviders/1[java.util.Map<java.lang.String,com.alibaba.dubbo.spring.boot.ProviderConfig>],providers,2
/home/natalia/Downloads/IME/trabalhoChoren/ck/target/../../dubbo-spring-boot-starter/src/main/java/com/alibaba/dubbo/spring/boot/DubboProperties.java,com.alibaba.dubbo.spring.boot.DubboProperties,setApplications/1[java.util.Map<java.lang.String,com.alibaba.dubbo.spring.boot.ApplicationConfig>],applications,2
/home/natalia/Downloads/IME/trabalhoChoren/ck/target/../../dubbo-spring-boot-starter/src/main/java/com/alibaba/dubbo/spring/boot/DubboProperties.java,com.alibaba.dubbo.spring.boot.DubboProperties,setProtocol/1[ProtocolConfig],protocol,2
/home/natalia/Downloads/IME/trabalhoChoren/ck/target/../../dubbo-spring-boot-starter/src/main/java/com/alibaba/dubbo/spring/boot/DubboProperties.java,com.alibaba.dubbo.spring.boot.DubboProperties,setMonitor/1[MonitorConfig],monitor,2
/home/natalia/Downloads/IME/trabalhoChoren/ck/target/../../dubbo-spring-boot-starter/src/main/java/com/alibaba/dubbo/spring/boot/DubboProperties.java,com.alibaba.dubbo.spring.boot.DubboProperties,setModules/1[java.util.Map<java.lang.String,com.alibaba.dubbo.spring.boot.ModuleConfig>],modules,2
/home/natalia/Downloads/IME/trabalhoChoren/ck/target/../../dubbo-spring-boot-starter/src/main/java/com/alibaba/dubbo/spring/boot/DubboProperties.java,com.alibaba.dubbo.spring.boot.DubboProperties,setRegistries/1[java.util.Map<java.lang.String,com.alibaba.dubbo.spring.boot.RegistryConfig>],registries,2
/home/natalia/Downloads/IME/trabalhoChoren/ck/target/../../dubbo-spring-boot-starter/src/main/java/com/alibaba/dubbo/spring/boot/DubboProperties.java,com.alibaba.dubbo.spring.boot.DubboProperties,setServer/1[boolean],server,2
/home/natalia/Downloads/IME/trabalhoChoren/ck/target/../../dubbo-spring-boot-starter/src/main/java/com/alibaba/dubbo/spring/boot/DubboProperties.java,com.alibaba.dubbo.spring.boot.DubboProperties,setMonitors/1[java.util.Map<java.lang.String,com.alibaba.dubbo.spring.boot.MonitorConfig>],monitors,2
/home/natalia/Downloads/IME/trabalhoChoren/ck/target/../../dubbo-spring-boot-starter/src/main/java/com/alibaba/dubbo/spring/boot/listener/ConsumerSubscribeListener.java,com.alibaba.dubbo.spring.boot.listener.ConsumerSubscribeListener,referred/1[Invoker],interfaceClass,1
/home/natalia/Downloads/IME/trabalhoChoren/ck/target/../../dubbo-spring-boot-starter/src/main/java/com/alibaba/dubbo/spring/boot/listener/ConsumerSubscribeListener.java,com.alibaba.dubbo.spring.boot.listener.ConsumerSubscribeListener,referred/1[Invoker],classIdBean,1
/home/natalia/Downloads/IME/trabalhoChoren/ck/target/../../dubbo-spring-boot-starter/src/main/java/com/alibaba/dubbo/spring/boot/listener/ConsumerSubscribeListener.java,com.alibaba.dubbo.spring.boot.listener.ConsumerSubscribeListener,referred/1[Invoker],invoker,2
/home/natalia/Downloads/IME/trabalhoChoren/ck/target/../../dubbo-spring-boot-starter/src/main/java/com/alibaba/dubbo/spring/boot/listener/ConsumerSubscribeListener.java,com.alibaba.dubbo.spring.boot.listener.ConsumerSubscribeListener,referred/1[Invoker],version,1
/home/natalia/Downloads/IME/trabalhoChoren/ck/target/../../dubbo-spring-boot-starter/src/main/java/com/alibaba/dubbo/spring/boot/listener/ConsumerSubscribeListener.java,com.alibaba.dubbo.spring.boot.listener.ConsumerSubscribeListener,referred/1[Invoker],url,2
/home/natalia/Downloads/IME/trabalhoChoren/ck/target/../../dubbo-spring-boot-starter/src/main/java/com/alibaba/dubbo/spring/boot/listener/ConsumerSubscribeListener.java,com.alibaba.dubbo.spring.boot.listener.ConsumerSubscribeListener,referred/1[Invoker],group,1
/home/natalia/Downloads/IME/trabalhoChoren/ck/target/../../dubbo-spring-boot-starter/src/main/java/com/alibaba/dubbo/spring/boot/listener/ConsumerSubscribeListener.java,com.alibaba.dubbo.spring.boot.listener.ConsumerSubscribeListener,destroyed/1[Invoker],interfaceClass,1
/home/natalia/Downloads/IME/trabalhoChoren/ck/target/../../dubbo-spring-boot-starter/src/main/java/com/alibaba/dubbo/spring/boot/listener/ConsumerSubscribeListener.java,com.alibaba.dubbo.spring.boot.listener.ConsumerSubscribeListener,destroyed/1[Invoker],classIdBean,1
/home/natalia/Downloads/IME/trabalhoChoren/ck/target/../../dubbo-spring-boot-starter/src/main/java/com/alibaba/dubbo/spring/boot/listener/ConsumerSubscribeListener.java,com.alibaba.dubbo.spring.boot.listener.ConsumerSubscribeListener,destroyed/1[Invoker],invoker,2
/home/natalia/Downloads/IME/trabalhoChoren/ck/target/../../dubbo-spring-boot-starter/src/main/java/com/alibaba/dubbo/spring/boot/listener/ConsumerSubscribeListener.java,com.alibaba.dubbo.spring.boot.listener.ConsumerSubscribeListener,destroyed/1[Invoker],version,1
/home/natalia/Downloads/IME/trabalhoChoren/ck/target/../../dubbo-spring-boot-starter/src/main/java/com/alibaba/dubbo/spring/boot/listener/ConsumerSubscribeListener.java,com.alibaba.dubbo.spring.boot.listener.ConsumerSubscribeListener,destroyed/1[Invoker],url,2
/home/natalia/Downloads/IME/trabalhoChoren/ck/target/../../dubbo-spring-boot-starter/src/main/java/com/alibaba/dubbo/spring/boot/listener/ConsumerSubscribeListener.java,com.alibaba.dubbo.spring.boot.listener.ConsumerSubscribeListener,destroyed/1[Invoker],group,1
/home/natalia/Downloads/IME/trabalhoChoren/ck/target/../../dubbo-spring-boot-starter/src/main/java/com/alibaba/dubbo/spring/boot/DubboProviderAutoConfiguration.java,com.alibaba.dubbo.spring.boot.DubboProviderAutoConfiguration,init/0,entry,2
/home/natalia/Downloads/IME/trabalhoChoren/ck/target/../../dubbo-spring-boot-starter/src/main/java/com/alibaba/dubbo/spring/boot/DubboProviderAutoConfiguration.java,com.alibaba.dubbo.spring.boot.DubboProviderAutoConfiguration,init/0,beanMap,3
/home/natalia/Downloads/IME/trabalhoChoren/ck/target/../../dubbo-spring-boot-starter/src/main/java/com/alibaba/dubbo/spring/boot/DubboProviderAutoConfiguration.java,com.alibaba.dubbo.spring.boot.DubboProviderAutoConfiguration,initProviderBean/2[java.lang.String,java.lang.Object],interfaces,2
/home/natalia/Downloads/IME/trabalhoChoren/ck/target/../../dubbo-spring-boot-starter/src/main/java/com/alibaba/dubbo/spring/boot/DubboProviderAutoConfiguration.java,com.alibaba.dubbo.spring.boot.DubboProviderAutoConfiguration,initProviderBean/2[java.lang.String,java.lang.Object],environment,6
/home/natalia/Downloads/IME/trabalhoChoren/ck/target/../../dubbo-spring-boot-starter/src/main/java/com/alibaba/dubbo/spring/boot/DubboProviderAutoConfiguration.java,com.alibaba.dubbo.spring.boot.DubboProviderAutoConfiguration,initProviderBean/2[java.lang.String,java.lang.Object],serviceConfig,11
/home/natalia/Downloads/IME/trabalhoChoren/ck/target/../../dubbo-spring-boot-starter/src/main/java/com/alibaba/dubbo/spring/boot/DubboProviderAutoConfiguration.java,com.alibaba.dubbo.spring.boot.DubboProviderAutoConfiguration,initProviderBean/2[java.lang.String,java.lang.Object],application,3
/home/natalia/Downloads/IME/trabalhoChoren/ck/target/../../dubbo-spring-boot-starter/src/main/java/com/alibaba/dubbo/spring/boot/DubboProviderAutoConfiguration.java,com.alibaba.dubbo.spring.boot.DubboProviderAutoConfiguration,initProviderBean/2[java.lang.String,java.lang.Object],provider,3
/home/natalia/Downloads/IME/trabalhoChoren/ck/target/../../dubbo-spring-boot-starter/src/main/java/com/alibaba/dubbo/spring/boot/DubboProviderAutoConfiguration.java,com.alibaba.dubbo.spring.boot.DubboProviderAutoConfiguration,initProviderBean/2[java.lang.String,java.lang.Object],service,11
/home/natalia/Downloads/IME/trabalhoChoren/ck/target/../../dubbo-spring-boot-starter/src/main/java/com/alibaba/dubbo/spring/boot/DubboProviderAutoConfiguration.java,com.alibaba.dubbo.spring.boot.DubboProviderAutoConfiguration,initProviderBean/2[java.lang.String,java.lang.Object],module,3
/home/natalia/Downloads/IME/trabalhoChoren/ck/target/../../dubbo-spring-boot-starter/src/main/java/com/alibaba/dubbo/spring/boot/DubboProviderAutoConfiguration.java,com.alibaba.dubbo.spring.boot.DubboProviderAutoConfiguration,initProviderBean/2[java.lang.String,java.lang.Object],beanName,7
/home/natalia/Downloads/IME/trabalhoChoren/ck/target/../../dubbo-spring-boot-starter/src/main/java/com/alibaba/dubbo/spring/boot/DubboProviderAutoConfiguration.java,com.alibaba.dubbo.spring.boot.DubboProviderAutoConfiguration,initProviderBean/2[java.lang.String,java.lang.Object],monitor,3
/home/natalia/Downloads/IME/trabalhoChoren/ck/target/../../dubbo-spring-boot-starter/src/main/java/com/alibaba/dubbo/spring/boot/DubboProviderAutoConfiguration.java,com.alibaba.dubbo.spring.boot.DubboProviderAutoConfiguration,initProviderBean/2[java.lang.String,java.lang.Object],registries,1
/home/natalia/Downloads/IME/trabalhoChoren/ck/target/../../dubbo-spring-boot-starter/src/main/java/com/alibaba/dubbo/spring/boot/DubboProviderAutoConfiguration.java,com.alibaba.dubbo.spring.boot.DubboProviderAutoConfiguration,initProviderBean/2[java.lang.String,java.lang.Object],protocols,1
/home/natalia/Downloads/IME/trabalhoChoren/ck/target/../../dubbo-spring-boot-starter/src/main/java/com/alibaba/dubbo/spring/boot/DubboProviderAutoConfiguration.java,com.alibaba.dubbo.spring.boot.DubboProviderAutoConfiguration,initProviderBean/2[java.lang.String,java.lang.Object],bean,2
/home/natalia/Downloads/IME/trabalhoChoren/ck/target/../../dubbo-spring-boot-starter/src/main/java/com/alibaba/dubbo/spring/boot/DubboProviderAutoConfiguration.java,com.alibaba.dubbo.spring.boot.DubboProviderAutoConfiguration,buildErrorMsg/1[java.lang.String[]],errors,6
/home/natalia/Downloads/IME/trabalhoChoren/ck/target/../../dubbo-spring-boot-starter/src/main/java/com/alibaba/dubbo/spring/boot/health/DubboHealthIndicator.java,com.alibaba.dubbo.spring.boot.health.DubboHealthIndicator,doHealthCheck/1[Health],classIdBean,3
/home/natalia/Downloads/IME/trabalhoChoren/ck/target/../../dubbo-spring-boot-starter/src/main/java/com/alibaba/dubbo/spring/boot/health/DubboHealthIndicator.java,com.alibaba.dubbo.spring.boot.health.DubboHealthIndicator,doHealthCheck/1[Health],t,1
/home/natalia/Downloads/IME/trabalhoChoren/ck/target/../../dubbo-spring-boot-starter/src/main/java/com/alibaba/dubbo/spring/boot/health/DubboHealthIndicator.java,com.alibaba.dubbo.spring.boot.health.DubboHealthIndicator,doHealthCheck/1[Health],service,1
/home/natalia/Downloads/IME/trabalhoChoren/ck/target/../../dubbo-spring-boot-starter/src/main/java/com/alibaba/dubbo/spring/boot/health/DubboHealthIndicator.java,com.alibaba.dubbo.spring.boot.health.DubboHealthIndicator,doHealthCheck/1[Health],builder,4
/home/natalia/Downloads/IME/trabalhoChoren/ck/target/../../dubbo-spring-boot-starter/src/main/java/com/alibaba/dubbo/spring/boot/health/DubboHealthIndicator.java,com.alibaba.dubbo.spring.boot.health.DubboHealthIndicator,doHealthCheck/1[Health],up,3
/home/natalia/Downloads/IME/trabalhoChoren/ck/target/../../dubbo-spring-boot-starter/src/main/java/com/alibaba/dubbo/spring/boot/health/DubboHealthIndicator.java,com.alibaba.dubbo.spring.boot.health.DubboHealthIndicator,doHealthCheck/1[Health],echoService,2
/home/natalia/Downloads/IME/trabalhoChoren/ck/target/../../dubbo-spring-boot-starter/src/main/java/com/alibaba/dubbo/spring/boot/DubboConsumerAutoConfiguration.java,com.alibaba.dubbo.spring.boot.DubboConsumerAutoConfiguration,getConsumerBean/3[java.lang.String,java.lang.reflect.Field,Reference],reference,10
/home/natalia/Downloads/IME/trabalhoChoren/ck/target/../../dubbo-spring-boot-starter/src/main/java/com/alibaba/dubbo/spring/boot/DubboConsumerAutoConfiguration.java,com.alibaba.dubbo.spring.boot.DubboConsumerAutoConfiguration,getConsumerBean/3[java.lang.String,java.lang.reflect.Field,Reference],environment,5
/home/natalia/Downloads/IME/trabalhoChoren/ck/target/../../dubbo-spring-boot-starter/src/main/java/com/alibaba/dubbo/spring/boot/DubboConsumerAutoConfiguration.java,com.alibaba.dubbo.spring.boot.DubboConsumerAutoConfiguration,getConsumerBean/3[java.lang.String,java.lang.reflect.Field,Reference],field,6
/home/natalia/Downloads/IME/trabalhoChoren/ck/target/../../dubbo-spring-boot-starter/src/main/java/com/alibaba/dubbo/spring/boot/DubboConsumerAutoConfiguration.java,com.alibaba.dubbo.spring.boot.DubboConsumerAutoConfiguration,getConsumerBean/3[java.lang.String,java.lang.reflect.Field,Reference],application,3
/home/natalia/Downloads/IME/trabalhoChoren/ck/target/../../dubbo-spring-boot-starter/src/main/java/com/alibaba/dubbo/spring/boot/DubboConsumerAutoConfiguration.java,com.alibaba.dubbo.spring.boot.DubboConsumerAutoConfiguration,getConsumerBean/3[java.lang.String,java.lang.reflect.Field,Reference],module,3
/home/natalia/Downloads/IME/trabalhoChoren/ck/target/../../dubbo-spring-boot-starter/src/main/java/com/alibaba/dubbo/spring/boot/DubboConsumerAutoConfiguration.java,com.alibaba.dubbo.spring.boot.DubboConsumerAutoConfiguration,getConsumerBean/3[java.lang.String,java.lang.reflect.Field,Reference],beanName,5
/home/natalia/Downloads/IME/trabalhoChoren/ck/target/../../dubbo-spring-boot-starter/src/main/java/com/alibaba/dubbo/spring/boot/DubboConsumerAutoConfiguration.java,com.alibaba.dubbo.spring.boot.DubboConsumerAutoConfiguration,getConsumerBean/3[java.lang.String,java.lang.reflect.Field,Reference],monitor,3
/home/natalia/Downloads/IME/trabalhoChoren/ck/target/../../dubbo-spring-boot-starter/src/main/java/com/alibaba/dubbo/spring/boot/DubboConsumerAutoConfiguration.java,com.alibaba.dubbo.spring.boot.DubboConsumerAutoConfiguration,getConsumerBean/3[java.lang.String,java.lang.reflect.Field,Reference],registries,1
/home/natalia/Downloads/IME/trabalhoChoren/ck/target/../../dubbo-spring-boot-starter/src/main/java/com/alibaba/dubbo/spring/boot/DubboConsumerAutoConfiguration.java,com.alibaba.dubbo.spring.boot.DubboConsumerAutoConfiguration,getConsumerBean/3[java.lang.String,java.lang.reflect.Field,Reference],consumer,3
/home/natalia/Downloads/IME/trabalhoChoren/ck/target/../../dubbo-spring-boot-starter/src/main/java/com/alibaba/dubbo/spring/boot/DubboConsumerAutoConfiguration.java,com.alibaba.dubbo.spring.boot.DubboConsumerAutoConfiguration,getConsumerBean/3[java.lang.String,java.lang.reflect.Field,Reference],referenceBean,8
/home/natalia/Downloads/IME/trabalhoChoren/ck/target/../../dubbo-spring-boot-starter/src/main/java/com/alibaba/dubbo/spring/boot/DubboConsumerAutoConfiguration.java,com.alibaba.dubbo.spring.boot.DubboConsumerAutoConfiguration,buildErrorMsg/1[java.lang.String[]],errors,7
/home/natalia/Downloads/IME/trabalhoChoren/ck/target/../../dubbo-spring-boot-starter/src/main/java/com/alibaba/dubbo/spring/boot/DubboConsumerAutoConfiguration.java,com.alibaba.dubbo.spring.boot.DubboConsumerAutoConfiguration,getDubboReference/1[com.alibaba.dubbo.spring.boot.bean.ClassIdBean],classIdBean,1
/home/natalia/Downloads/IME/trabalhoChoren/ck/target/../../dubbo-spring-boot-starter/src/main/java/com/alibaba/dubbo/spring/boot/DubboCommonAutoConfiguration.java,com.alibaba.dubbo.spring.boot.DubboCommonAutoConfiguration,parseRegistries/4[java.lang.String[],com.alibaba.dubbo.spring.boot.DubboProperties,Environment,java.lang.String[]],registry,6
/home/natalia/Downloads/IME/trabalhoChoren/ck/target/../../dubbo-spring-boot-starter/src/main/java/com/alibaba/dubbo/spring/boot/DubboCommonAutoConfiguration.java,com.alibaba.dubbo.spring.boot.DubboCommonAutoConfiguration,parseRegistries/4[java.lang.String[],com.alibaba.dubbo.spring.boot.DubboProperties,Environment,java.lang.String[]],environment,1
/home/natalia/Downloads/IME/trabalhoChoren/ck/target/../../dubbo-spring-boot-starter/src/main/java/com/alibaba/dubbo/spring/boot/DubboCommonAutoConfiguration.java,com.alibaba.dubbo.spring.boot.DubboCommonAutoConfiguration,parseRegistries/4[java.lang.String[],com.alibaba.dubbo.spring.boot.DubboProperties,Environment,java.lang.String[]],len,1
/home/natalia/Downloads/IME/trabalhoChoren/ck/target/../../dubbo-spring-boot-starter/src/main/java/com/alibaba/dubbo/spring/boot/DubboCommonAutoConfiguration.java,com.alibaba.dubbo.spring.boot.DubboCommonAutoConfiguration,parseRegistries/4[java.lang.String[],com.alibaba.dubbo.spring.boot.DubboProperties,Environment,java.lang.String[]],errorList,3
/home/natalia/Downloads/IME/trabalhoChoren/ck/target/../../dubbo-spring-boot-starter/src/main/java/com/alibaba/dubbo/spring/boot/DubboCommonAutoConfiguration.java,com.alibaba.dubbo.spring.boot.DubboCommonAutoConfiguration,parseRegistries/4[java.lang.String[],com.alibaba.dubbo.spring.boot.DubboProperties,Environment,java.lang.String[]],registryConfig,4
/home/natalia/Downloads/IME/trabalhoChoren/ck/target/../../dubbo-spring-boot-starter/src/main/java/com/alibaba/dubbo/spring/boot/DubboCommonAutoConfiguration.java,com.alibaba.dubbo.spring.boot.DubboCommonAutoConfiguration,parseRegistries/4[java.lang.String[],com.alibaba.dubbo.spring.boot.DubboProperties,Environment,java.lang.String[]],registryList,5
/home/natalia/Downloads/IME/trabalhoChoren/ck/target/../../dubbo-spring-boot-starter/src/main/java/com/alibaba/dubbo/spring/boot/DubboCommonAutoConfiguration.java,com.alibaba.dubbo.spring.boot.DubboCommonAutoConfiguration,parseRegistries/4[java.lang.String[],com.alibaba.dubbo.spring.boot.DubboProperties,Environment,java.lang.String[]],i,4
/home/natalia/Downloads/IME/trabalhoChoren/ck/target/../../dubbo-spring-boot-starter/src/main/java/com/alibaba/dubbo/spring/boot/DubboCommonAutoConfiguration.java,com.alibaba.dubbo.spring.boot.DubboCommonAutoConfiguration,parseRegistries/4[java.lang.String[],com.alibaba.dubbo.spring.boot.DubboProperties,Environment,java.lang.String[]],registries,6
/home/natalia/Downloads/IME/trabalhoChoren/ck/target/../../dubbo-spring-boot-starter/src/main/java/com/alibaba/dubbo/spring/boot/DubboCommonAutoConfiguration.java,com.alibaba.dubbo.spring.boot.DubboCommonAutoConfiguration,parseRegistries/4[java.lang.String[],com.alibaba.dubbo.spring.boot.DubboProperties,Environment,java.lang.String[]],error,1
/home/natalia/Downloads/IME/trabalhoChoren/ck/target/../../dubbo-spring-boot-starter/src/main/java/com/alibaba/dubbo/spring/boot/DubboCommonAutoConfiguration.java,com.alibaba.dubbo.spring.boot.DubboCommonAutoConfiguration,parseRegistries/4[java.lang.String[],com.alibaba.dubbo.spring.boot.DubboProperties,Environment,java.lang.String[]],registryMap,1
/home/natalia/Downloads/IME/trabalhoChoren/ck/target/../../dubbo-spring-boot-starter/src/main/java/com/alibaba/dubbo/spring/boot/DubboCommonAutoConfiguration.java,com.alibaba.dubbo.spring.boot.DubboCommonAutoConfiguration,parseRegistries/4[java.lang.String[],com.alibaba.dubbo.spring.boot.DubboProperties,Environment,java.lang.String[]],properties,2
/home/natalia/Downloads/IME/trabalhoChoren/ck/target/../../dubbo-spring-boot-starter/src/main/java/com/alibaba/dubbo/spring/boot/DubboCommonAutoConfiguration.java,com.alibaba.dubbo.spring.boot.DubboCommonAutoConfiguration,parseRegistries/4[java.lang.String[],com.alibaba.dubbo.spring.boot.DubboProperties,Environment,java.lang.String[]],errors,2
/home/natalia/Downloads/IME/trabalhoChoren/ck/target/../../dubbo-spring-boot-starter/src/main/java/com/alibaba/dubbo/spring/boot/DubboCommonAutoConfiguration.java,com.alibaba.dubbo.spring.boot.DubboCommonAutoConfiguration,parseModule/4[java.lang.String,com.alibaba.dubbo.spring.boot.DubboProperties,Environment,java.lang.String[]],environment,1
/home/natalia/Downloads/IME/trabalhoChoren/ck/target/../../dubbo-spring-boot-starter/src/main/java/com/alibaba/dubbo/spring/boot/DubboCommonAutoConfiguration.java,com.alibaba.dubbo.spring.boot.DubboCommonAutoConfiguration,parseModule/4[java.lang.String,com.alibaba.dubbo.spring.boot.DubboProperties,Environment,java.lang.String[]],moduleConfig,6
/home/natalia/Downloads/IME/trabalhoChoren/ck/target/../../dubbo-spring-boot-starter/src/main/java/com/alibaba/dubbo/spring/boot/DubboCommonAutoConfiguration.java,com.alibaba.dubbo.spring.boot.DubboCommonAutoConfiguration,parseModule/4[java.lang.String,com.alibaba.dubbo.spring.boot.DubboProperties,Environment,java.lang.String[]],module,6
/home/natalia/Downloads/IME/trabalhoChoren/ck/target/../../dubbo-spring-boot-starter/src/main/java/com/alibaba/dubbo/spring/boot/DubboCommonAutoConfiguration.java,com.alibaba.dubbo.spring.boot.DubboCommonAutoConfiguration,parseModule/4[java.lang.String,com.alibaba.dubbo.spring.boot.DubboProperties,Environment,java.lang.String[]],moduleMap,1
/home/natalia/Downloads/IME/trabalhoChoren/ck/target/../../dubbo-spring-boot-starter/src/main/java/com/alibaba/dubbo/spring/boot/DubboCommonAutoConfiguration.java,com.alibaba.dubbo.spring.boot.DubboCommonAutoConfiguration,parseModule/4[java.lang.String,com.alibaba.dubbo.spring.boot.DubboProperties,Environment,java.lang.String[]],properties,2
/home/natalia/Downloads/IME/trabalhoChoren/ck/target/../../dubbo-spring-boot-starter/src/main/java/com/alibaba/dubbo/spring/boot/DubboCommonAutoConfiguration.java,com.alibaba.dubbo.spring.boot.DubboCommonAutoConfiguration,parseModule/4[java.lang.String,com.alibaba.dubbo.spring.boot.DubboProperties,Environment,java.lang.String[]],errors,1
/home/natalia/Downloads/IME/trabalhoChoren/ck/target/../../dubbo-spring-boot-starter/src/main/java/com/alibaba/dubbo/spring/boot/DubboCommonAutoConfiguration.java,com.alibaba.dubbo.spring.boot.DubboCommonAutoConfiguration,parseProvider/4[java.lang.String,com.alibaba.dubbo.spring.boot.DubboProperties,Environment,java.lang.String[]],environment,1
/home/natalia/Downloads/IME/trabalhoChoren/ck/target/../../dubbo-spring-boot-starter/src/main/java/com/alibaba/dubbo/spring/boot/DubboCommonAutoConfiguration.java,com.alibaba.dubbo.spring.boot.DubboCommonAutoConfiguration,parseProvider/4[java.lang.String,com.alibaba.dubbo.spring.boot.DubboProperties,Environment,java.lang.String[]],provider,6
/home/natalia/Downloads/IME/trabalhoChoren/ck/target/../../dubbo-spring-boot-starter/src/main/java/com/alibaba/dubbo/spring/boot/DubboCommonAutoConfiguration.java,com.alibaba.dubbo.spring.boot.DubboCommonAutoConfiguration,parseProvider/4[java.lang.String,com.alibaba.dubbo.spring.boot.DubboProperties,Environment,java.lang.String[]],providerMap,1
/home/natalia/Downloads/IME/trabalhoChoren/ck/target/../../dubbo-spring-boot-starter/src/main/java/com/alibaba/dubbo/spring/boot/DubboCommonAutoConfiguration.java,com.alibaba.dubbo.spring.boot.DubboCommonAutoConfiguration,parseProvider/4[java.lang.String,com.alibaba.dubbo.spring.boot.DubboProperties,Environment,java.lang.String[]],providerConfig,6
/home/natalia/Downloads/IME/trabalhoChoren/ck/target/../../dubbo-spring-boot-starter/src/main/java/com/alibaba/dubbo/spring/boot/DubboCommonAutoConfiguration.java,com.alibaba.dubbo.spring.boot.DubboCommonAutoConfiguration,parseProvider/4[java.lang.String,com.alibaba.dubbo.spring.boot.DubboProperties,Environment,java.lang.String[]],properties,2
/home/natalia/Downloads/IME/trabalhoChoren/ck/target/../../dubbo-spring-boot-starter/src/main/java/com/alibaba/dubbo/spring/boot/DubboCommonAutoConfiguration.java,com.alibaba.dubbo.spring.boot.DubboCommonAutoConfiguration,parseProvider/4[java.lang.String,com.alibaba.dubbo.spring.boot.DubboProperties,Environment,java.lang.String[]],errors,1
/home/natalia/Downloads/IME/trabalhoChoren/ck/target/../../dubbo-spring-boot-starter/src/main/java/com/alibaba/dubbo/spring/boot/DubboCommonAutoConfiguration.java,com.alibaba.dubbo.spring.boot.DubboCommonAutoConfiguration,parseApplication/4[java.lang.String,com.alibaba.dubbo.spring.boot.DubboProperties,Environment,java.lang.String[]],applicationConfig,9
/home/natalia/Downloads/IME/trabalhoChoren/ck/target/../../dubbo-spring-boot-starter/src/main/java/com/alibaba/dubbo/spring/boot/DubboCommonAutoConfiguration.java,com.alibaba.dubbo.spring.boot.DubboCommonAutoConfiguration,parseApplication/4[java.lang.String,com.alibaba.dubbo.spring.boot.DubboProperties,Environment,java.lang.String[]],environment,2
/home/natalia/Downloads/IME/trabalhoChoren/ck/target/../../dubbo-spring-boot-starter/src/main/java/com/alibaba/dubbo/spring/boot/DubboCommonAutoConfiguration.java,com.alibaba.dubbo.spring.boot.DubboCommonAutoConfiguration,parseApplication/4[java.lang.String,com.alibaba.dubbo.spring.boot.DubboProperties,Environment,java.lang.String[]],application,6
/home/natalia/Downloads/IME/trabalhoChoren/ck/target/../../dubbo-spring-boot-starter/src/main/java/com/alibaba/dubbo/spring/boot/DubboCommonAutoConfiguration.java,com.alibaba.dubbo.spring.boot.DubboCommonAutoConfiguration,parseApplication/4[java.lang.String,com.alibaba.dubbo.spring.boot.DubboProperties,Environment,java.lang.String[]],applicationMap,1
/home/natalia/Downloads/IME/trabalhoChoren/ck/target/../../dubbo-spring-boot-starter/src/main/java/com/alibaba/dubbo/spring/boot/DubboCommonAutoConfiguration.java,com.alibaba.dubbo.spring.boot.DubboCommonAutoConfiguration,parseApplication/4[java.lang.String,com.alibaba.dubbo.spring.boot.DubboProperties,Environment,java.lang.String[]],properties,2
/home/natalia/Downloads/IME/trabalhoChoren/ck/target/../../dubbo-spring-boot-starter/src/main/java/com/alibaba/dubbo/spring/boot/DubboCommonAutoConfiguration.java,com.alibaba.dubbo.spring.boot.DubboCommonAutoConfiguration,parseApplication/4[java.lang.String,com.alibaba.dubbo.spring.boot.DubboProperties,Environment,java.lang.String[]],errors,1
/home/natalia/Downloads/IME/trabalhoChoren/ck/target/../../dubbo-spring-boot-starter/src/main/java/com/alibaba/dubbo/spring/boot/DubboCommonAutoConfiguration.java,com.alibaba.dubbo.spring.boot.DubboCommonAutoConfiguration,initIdConfigMap/1[com.alibaba.dubbo.spring.boot.DubboProperties],monitorMap,2
/home/natalia/Downloads/IME/trabalhoChoren/ck/target/../../dubbo-spring-boot-starter/src/main/java/com/alibaba/dubbo/spring/boot/DubboCommonAutoConfiguration.java,com.alibaba.dubbo.spring.boot.DubboCommonAutoConfiguration,initIdConfigMap/1[com.alibaba.dubbo.spring.boot.DubboProperties],applicationMap,2
/home/natalia/Downloads/IME/trabalhoChoren/ck/target/../../dubbo-spring-boot-starter/src/main/java/com/alibaba/dubbo/spring/boot/DubboCommonAutoConfiguration.java,com.alibaba.dubbo.spring.boot.DubboCommonAutoConfiguration,initIdConfigMap/1[com.alibaba.dubbo.spring.boot.DubboProperties],registries,2
/home/natalia/Downloads/IME/trabalhoChoren/ck/target/../../dubbo-spring-boot-starter/src/main/java/com/alibaba/dubbo/spring/boot/DubboCommonAutoConfiguration.java,com.alibaba.dubbo.spring.boot.DubboCommonAutoConfiguration,initIdConfigMap/1[com.alibaba.dubbo.spring.boot.DubboProperties],moduleMap,2
/home/natalia/Downloads/IME/trabalhoChoren/ck/target/../../dubbo-spring-boot-starter/src/main/java/com/alibaba/dubbo/spring/boot/DubboCommonAutoConfiguration.java,com.alibaba.dubbo.spring.boot.DubboCommonAutoConfiguration,initIdConfigMap/1[com.alibaba.dubbo.spring.boot.DubboProperties],protocolMap,2
/home/natalia/Downloads/IME/trabalhoChoren/ck/target/../../dubbo-spring-boot-starter/src/main/java/com/alibaba/dubbo/spring/boot/DubboCommonAutoConfiguration.java,com.alibaba.dubbo.spring.boot.DubboCommonAutoConfiguration,initIdConfigMap/1[com.alibaba.dubbo.spring.boot.DubboProperties],registryMap,2
/home/natalia/Downloads/IME/trabalhoChoren/ck/target/../../dubbo-spring-boot-starter/src/main/java/com/alibaba/dubbo/spring/boot/DubboCommonAutoConfiguration.java,com.alibaba.dubbo.spring.boot.DubboCommonAutoConfiguration,initIdConfigMap/1[com.alibaba.dubbo.spring.boot.DubboProperties],modules,2
/home/natalia/Downloads/IME/trabalhoChoren/ck/target/../../dubbo-spring-boot-starter/src/main/java/com/alibaba/dubbo/spring/boot/DubboCommonAutoConfiguration.java,com.alibaba.dubbo.spring.boot.DubboCommonAutoConfiguration,initIdConfigMap/1[com.alibaba.dubbo.spring.boot.DubboProperties],entry,13
/home/natalia/Downloads/IME/trabalhoChoren/ck/target/../../dubbo-spring-boot-starter/src/main/java/com/alibaba/dubbo/spring/boot/DubboCommonAutoConfiguration.java,com.alibaba.dubbo.spring.boot.DubboCommonAutoConfiguration,initIdConfigMap/1[com.alibaba.dubbo.spring.boot.DubboProperties],consumerMap,2
/home/natalia/Downloads/IME/trabalhoChoren/ck/target/../../dubbo-spring-boot-starter/src/main/java/com/alibaba/dubbo/spring/boot/DubboCommonAutoConfiguration.java,com.alibaba.dubbo.spring.boot.DubboCommonAutoConfiguration,initIdConfigMap/1[com.alibaba.dubbo.spring.boot.DubboProperties],dubboProperties,7
/home/natalia/Downloads/IME/trabalhoChoren/ck/target/../../dubbo-spring-boot-starter/src/main/java/com/alibaba/dubbo/spring/boot/DubboCommonAutoConfiguration.java,com.alibaba.dubbo.spring.boot.DubboCommonAutoConfiguration,initIdConfigMap/1[com.alibaba.dubbo.spring.boot.DubboProperties],consumers,2
/home/natalia/Downloads/IME/trabalhoChoren/ck/target/../../dubbo-spring-boot-starter/src/main/java/com/alibaba/dubbo/spring/boot/DubboCommonAutoConfiguration.java,com.alibaba.dubbo.spring.boot.DubboCommonAutoConfiguration,initIdConfigMap/1[com.alibaba.dubbo.spring.boot.DubboProperties],providerMap,2
/home/natalia/Downloads/IME/trabalhoChoren/ck/target/../../dubbo-spring-boot-starter/src/main/java/com/alibaba/dubbo/spring/boot/DubboCommonAutoConfiguration.java,com.alibaba.dubbo.spring.boot.DubboCommonAutoConfiguration,initIdConfigMap/1[com.alibaba.dubbo.spring.boot.DubboProperties],protocols,2
/home/natalia/Downloads/IME/trabalhoChoren/ck/target/../../dubbo-spring-boot-starter/src/main/java/com/alibaba/dubbo/spring/boot/DubboCommonAutoConfiguration.java,com.alibaba.dubbo.spring.boot.DubboCommonAutoConfiguration,initIdConfigMap/1[com.alibaba.dubbo.spring.boot.DubboProperties],value,20
/home/natalia/Downloads/IME/trabalhoChoren/ck/target/../../dubbo-spring-boot-starter/src/main/java/com/alibaba/dubbo/spring/boot/DubboCommonAutoConfiguration.java,com.alibaba.dubbo.spring.boot.DubboCommonAutoConfiguration,initIdConfigMap/1[com.alibaba.dubbo.spring.boot.DubboProperties],providers,2
/home/natalia/Downloads/IME/trabalhoChoren/ck/target/../../dubbo-spring-boot-starter/src/main/java/com/alibaba/dubbo/spring/boot/DubboCommonAutoConfiguration.java,com.alibaba.dubbo.spring.boot.DubboCommonAutoConfiguration,initIdConfigMap/1[com.alibaba.dubbo.spring.boot.DubboProperties],applications,2
/home/natalia/Downloads/IME/trabalhoChoren/ck/target/../../dubbo-spring-boot-starter/src/main/java/com/alibaba/dubbo/spring/boot/DubboCommonAutoConfiguration.java,com.alibaba.dubbo.spring.boot.DubboCommonAutoConfiguration,initIdConfigMap/1[com.alibaba.dubbo.spring.boot.DubboProperties],monitors,2
/home/natalia/Downloads/IME/trabalhoChoren/ck/target/../../dubbo-spring-boot-starter/src/main/java/com/alibaba/dubbo/spring/boot/DubboCommonAutoConfiguration.java,com.alibaba.dubbo.spring.boot.DubboCommonAutoConfiguration,parseProtocols/4[java.lang.String[],com.alibaba.dubbo.spring.boot.DubboProperties,Environment,java.lang.String[]],environment,1
/home/natalia/Downloads/IME/trabalhoChoren/ck/target/../../dubbo-spring-boot-starter/src/main/java/com/alibaba/dubbo/spring/boot/DubboCommonAutoConfiguration.java,com.alibaba.dubbo.spring.boot.DubboCommonAutoConfiguration,parseProtocols/4[java.lang.String[],com.alibaba.dubbo.spring.boot.DubboProperties,Environment,java.lang.String[]],protocol,6
/home/natalia/Downloads/IME/trabalhoChoren/ck/target/../../dubbo-spring-boot-starter/src/main/java/com/alibaba/dubbo/spring/boot/DubboCommonAutoConfiguration.java,com.alibaba.dubbo.spring.boot.DubboCommonAutoConfiguration,parseProtocols/4[java.lang.String[],com.alibaba.dubbo.spring.boot.DubboProperties,Environment,java.lang.String[]],protocolList,5
/home/natalia/Downloads/IME/trabalhoChoren/ck/target/../../dubbo-spring-boot-starter/src/main/java/com/alibaba/dubbo/spring/boot/DubboCommonAutoConfiguration.java,com.alibaba.dubbo.spring.boot.DubboCommonAutoConfiguration,parseProtocols/4[java.lang.String[],com.alibaba.dubbo.spring.boot.DubboProperties,Environment,java.lang.String[]],len,1
/home/natalia/Downloads/IME/trabalhoChoren/ck/target/../../dubbo-spring-boot-starter/src/main/java/com/alibaba/dubbo/spring/boot/DubboCommonAutoConfiguration.java,com.alibaba.dubbo.spring.boot.DubboCommonAutoConfiguration,parseProtocols/4[java.lang.String[],com.alibaba.dubbo.spring.boot.DubboProperties,Environment,java.lang.String[]],protocolConfig,4
/home/natalia/Downloads/IME/trabalhoChoren/ck/target/../../dubbo-spring-boot-starter/src/main/java/com/alibaba/dubbo/spring/boot/DubboCommonAutoConfiguration.java,com.alibaba.dubbo.spring.boot.DubboCommonAutoConfiguration,parseProtocols/4[java.lang.String[],com.alibaba.dubbo.spring.boot.DubboProperties,Environment,java.lang.String[]],errorList,3
/home/natalia/Downloads/IME/trabalhoChoren/ck/target/../../dubbo-spring-boot-starter/src/main/java/com/alibaba/dubbo/spring/boot/DubboCommonAutoConfiguration.java,com.alibaba.dubbo.spring.boot.DubboCommonAutoConfiguration,parseProtocols/4[java.lang.String[],com.alibaba.dubbo.spring.boot.DubboProperties,Environment,java.lang.String[]],i,4
/home/natalia/Downloads/IME/trabalhoChoren/ck/target/../../dubbo-spring-boot-starter/src/main/java/com/alibaba/dubbo/spring/boot/DubboCommonAutoConfiguration.java,com.alibaba.dubbo.spring.boot.DubboCommonAutoConfiguration,parseProtocols/4[java.lang.String[],com.alibaba.dubbo.spring.boot.DubboProperties,Environment,java.lang.String[]],protocols,6
/home/natalia/Downloads/IME/trabalhoChoren/ck/target/../../dubbo-spring-boot-starter/src/main/java/com/alibaba/dubbo/spring/boot/DubboCommonAutoConfiguration.java,com.alibaba.dubbo.spring.boot.DubboCommonAutoConfiguration,parseProtocols/4[java.lang.String[],com.alibaba.dubbo.spring.boot.DubboProperties,Environment,java.lang.String[]],protocolMap,1
/home/natalia/Downloads/IME/trabalhoChoren/ck/target/../../dubbo-spring-boot-starter/src/main/java/com/alibaba/dubbo/spring/boot/DubboCommonAutoConfiguration.java,com.alibaba.dubbo.spring.boot.DubboCommonAutoConfiguration,parseProtocols/4[java.lang.String[],com.alibaba.dubbo.spring.boot.DubboProperties,Environment,java.lang.String[]],error,1
/home/natalia/Downloads/IME/trabalhoChoren/ck/target/../../dubbo-spring-boot-starter/src/main/java/com/alibaba/dubbo/spring/boot/DubboCommonAutoConfiguration.java,com.alibaba.dubbo.spring.boot.DubboCommonAutoConfiguration,parseProtocols/4[java.lang.String[],com.alibaba.dubbo.spring.boot.DubboProperties,Environment,java.lang.String[]],properties,2
/home/natalia/Downloads/IME/trabalhoChoren/ck/target/../../dubbo-spring-boot-starter/src/main/java/com/alibaba/dubbo/spring/boot/DubboCommonAutoConfiguration.java,com.alibaba.dubbo.spring.boot.DubboCommonAutoConfiguration,parseProtocols/4[java.lang.String[],com.alibaba.dubbo.spring.boot.DubboProperties,Environment,java.lang.String[]],errors,2
/home/natalia/Downloads/IME/trabalhoChoren/ck/target/../../dubbo-spring-boot-starter/src/main/java/com/alibaba/dubbo/spring/boot/DubboCommonAutoConfiguration.java,com.alibaba.dubbo.spring.boot.DubboCommonAutoConfiguration,parseMonitor/4[java.lang.String,com.alibaba.dubbo.spring.boot.DubboProperties,Environment,java.lang.String[]],environment,1
/home/natalia/Downloads/IME/trabalhoChoren/ck/target/../../dubbo-spring-boot-starter/src/main/java/com/alibaba/dubbo/spring/boot/DubboCommonAutoConfiguration.java,com.alibaba.dubbo.spring.boot.DubboCommonAutoConfiguration,parseMonitor/4[java.lang.String,com.alibaba.dubbo.spring.boot.DubboProperties,Environment,java.lang.String[]],monitorMap,1
/home/natalia/Downloads/IME/trabalhoChoren/ck/target/../../dubbo-spring-boot-starter/src/main/java/com/alibaba/dubbo/spring/boot/DubboCommonAutoConfiguration.java,com.alibaba.dubbo.spring.boot.DubboCommonAutoConfiguration,parseMonitor/4[java.lang.String,com.alibaba.dubbo.spring.boot.DubboProperties,Environment,java.lang.String[]],monitorConfig,6
/home/natalia/Downloads/IME/trabalhoChoren/ck/target/../../dubbo-spring-boot-starter/src/main/java/com/alibaba/dubbo/spring/boot/DubboCommonAutoConfiguration.java,com.alibaba.dubbo.spring.boot.DubboCommonAutoConfiguration,parseMonitor/4[java.lang.String,com.alibaba.dubbo.spring.boot.DubboProperties,Environment,java.lang.String[]],monitor,6
/home/natalia/Downloads/IME/trabalhoChoren/ck/target/../../dubbo-spring-boot-starter/src/main/java/com/alibaba/dubbo/spring/boot/DubboCommonAutoConfiguration.java,com.alibaba.dubbo.spring.boot.DubboCommonAutoConfiguration,parseMonitor/4[java.lang.String,com.alibaba.dubbo.spring.boot.DubboProperties,Environment,java.lang.String[]],properties,2
/home/natalia/Downloads/IME/trabalhoChoren/ck/target/../../dubbo-spring-boot-starter/src/main/java/com/alibaba/dubbo/spring/boot/DubboCommonAutoConfiguration.java,com.alibaba.dubbo.spring.boot.DubboCommonAutoConfiguration,parseMonitor/4[java.lang.String,com.alibaba.dubbo.spring.boot.DubboProperties,Environment,java.lang.String[]],errors,1
/home/natalia/Downloads/IME/trabalhoChoren/ck/target/../../dubbo-spring-boot-starter/src/main/java/com/alibaba/dubbo/spring/boot/DubboCommonAutoConfiguration.java,com.alibaba.dubbo.spring.boot.DubboCommonAutoConfiguration,parseConsumer/4[java.lang.String,com.alibaba.dubbo.spring.boot.DubboProperties,Environment,java.lang.String[]],environment,1
/home/natalia/Downloads/IME/trabalhoChoren/ck/target/../../dubbo-spring-boot-starter/src/main/java/com/alibaba/dubbo/spring/boot/DubboCommonAutoConfiguration.java,com.alibaba.dubbo.spring.boot.DubboCommonAutoConfiguration,parseConsumer/4[java.lang.String,com.alibaba.dubbo.spring.boot.DubboProperties,Environment,java.lang.String[]],consumerConfig,6
/home/natalia/Downloads/IME/trabalhoChoren/ck/target/../../dubbo-spring-boot-starter/src/main/java/com/alibaba/dubbo/spring/boot/DubboCommonAutoConfiguration.java,com.alibaba.dubbo.spring.boot.DubboCommonAutoConfiguration,parseConsumer/4[java.lang.String,com.alibaba.dubbo.spring.boot.DubboProperties,Environment,java.lang.String[]],consumerMap,1
/home/natalia/Downloads/IME/trabalhoChoren/ck/target/../../dubbo-spring-boot-starter/src/main/java/com/alibaba/dubbo/spring/boot/DubboCommonAutoConfiguration.java,com.alibaba.dubbo.spring.boot.DubboCommonAutoConfiguration,parseConsumer/4[java.lang.String,com.alibaba.dubbo.spring.boot.DubboProperties,Environment,java.lang.String[]],consumer,6
/home/natalia/Downloads/IME/trabalhoChoren/ck/target/../../dubbo-spring-boot-starter/src/main/java/com/alibaba/dubbo/spring/boot/DubboCommonAutoConfiguration.java,com.alibaba.dubbo.spring.boot.DubboCommonAutoConfiguration,parseConsumer/4[java.lang.String,com.alibaba.dubbo.spring.boot.DubboProperties,Environment,java.lang.String[]],properties,2
/home/natalia/Downloads/IME/trabalhoChoren/ck/target/../../dubbo-spring-boot-starter/src/main/java/com/alibaba/dubbo/spring/boot/DubboCommonAutoConfiguration.java,com.alibaba.dubbo.spring.boot.DubboCommonAutoConfiguration,parseConsumer/4[java.lang.String,com.alibaba.dubbo.spring.boot.DubboProperties,Environment,java.lang.String[]],errors,1
/home/natalia/Downloads/IME/trabalhoChoren/ck/target/../../dubbo-spring-boot-starter/src/main/java/com/alibaba/dubbo/spring/boot/DubboCommonAutoConfiguration.java,com.alibaba.dubbo.spring.boot.DubboCommonAutoConfiguration,buildErrorMsg/1[java.lang.String[]],errors,0
/home/natalia/Downloads/IME/trabalhoChoren/ck/target/../../dubbo-spring-boot-starter/src/main/java/com/alibaba/dubbo/spring/boot/bean/ClassIdBean.java,com.alibaba.dubbo.spring.boot.bean.ClassIdBean,equals/1[java.lang.Object],classIdBean,6
/home/natalia/Downloads/IME/trabalhoChoren/ck/target/../../dubbo-spring-boot-starter/src/main/java/com/alibaba/dubbo/spring/boot/bean/ClassIdBean.java,com.alibaba.dubbo.spring.boot.bean.ClassIdBean,equals/1[java.lang.Object],obj,3
/home/natalia/Downloads/IME/trabalhoChoren/ck/target/../../dubbo-spring-boot-starter/src/main/java/com/alibaba/dubbo/spring/boot/bean/ClassIdBean.java,com.alibaba.dubbo.spring.boot.bean.ClassIdBean,ClassIdBean/3[java.lang.Class<?>,java.lang.String,java.lang.String],interfaceClass,2
/home/natalia/Downloads/IME/trabalhoChoren/ck/target/../../dubbo-spring-boot-starter/src/main/java/com/alibaba/dubbo/spring/boot/bean/ClassIdBean.java,com.alibaba.dubbo.spring.boot.bean.ClassIdBean,ClassIdBean/3[java.lang.Class<?>,java.lang.String,java.lang.String],version,2
/home/natalia/Downloads/IME/trabalhoChoren/ck/target/../../dubbo-spring-boot-starter/src/main/java/com/alibaba/dubbo/spring/boot/bean/ClassIdBean.java,com.alibaba.dubbo.spring.boot.bean.ClassIdBean,ClassIdBean/3[java.lang.Class<?>,java.lang.String,java.lang.String],group,2
/home/natalia/Downloads/IME/trabalhoChoren/ck/target/../../dubbo-spring-boot-starter/src/main/java/com/alibaba/dubbo/spring/boot/bean/ClassIdBean.java,com.alibaba.dubbo.spring.boot.bean.ClassIdBean,hashCode/0,hashCode,10
